Workbook

Sheet Полотна
C1: 46266
A2: Артикул | C2: OZON | D2: КГТ | E2: СДЭК | F2: WB Тверь | G2: ТВ СГТ | H2: остаток
A3: ПОЛОТНА
A4: Zerkalo_100х200 | B4: полотна
A5: Zerkalo_90х200
A6: Zerkalo_80x200
A7: Zerkalo_70х200
A8: Zerkalo_60x200
A9: Zerkalo_100x190
A10: Zerkalo_90x190
A11: Zerkalo_80х190
A12: Zerkalo_70x190
A13: Zerkalo_60x190
A14: Zerkalo_50x190
A15: Zerkalo_100x180
A16: Zerkalo_80x180
... A42: ПОЛОТНА без креплений
A43: Zerkalo_100х200_bp | B43: полотна без креплений
A44: Zerkalo_90х200_bp
A45: Zerkalo_80x200_bp
A46: Zerkalo_70х200_bp
A47: Zerkalo_60x200_bp
A48: Zerkalo_100x190_bp
A49: Zerkalo_90x190_bp
A50: Zerkalo_80х190_bp
A51: Zerkalo_70x190_bp
A52: Zerkalo_60x190_bp
A53: Zerkalo_50x190_bp
A54: Zerkalo_100x180_bp
A55: Zerkalo_80x180_bp
... A80: Zerkalo_40x100_bp
C82: =SUM(C4:C41)&"("&SUM(C43:C80)&")"&"//"&SUM(Алюминий!C4:C124)&"//"&SUM(Безрамные!C4:C108) -> 0(0)//0//0 | D82: =SUM(D4:D41)&"("&SUM(D43:D80)&")"&"//"&SUM(Алюминий!D4:D124)&"//"&SUM(Безрамные!D4:D108) -> 0(0)//0//0 | E82: =SUM(E4:E41)&"("&SUM(E43:E80)&")"&"//"&SUM(Алюминий!E4:E124)&"//"&SUM(Безрамные!E4:E108) -> 0(0)//0//0 | F82: =SUM(F4:F41)&"("&SUM(F43:F80)&")"&"//"&SUM(Алюминий!F4:F124)&"//"&SUM(Безрамные!F4:F108) -> 0(0)//0//0 | G82: =SUM(G4:G41)&"("&SUM(G43:G80)&")"&"//"&SUM(Алюминий!G4:G124)&"//"&SUM(Безрамные!G4:G108) -> 0(0)//0//0 | H82: =SUM(H6:H41)&"("&SUM(H45:H80,H43:H87)&")"&"//"&SUM(Алюминий!H4:H124)&"//"&SUM(Безрамные!H4:H108) -> 0(0)//0//0

Sheet Алюминий
B1: =Полотна!C1 -> 46266
A2: Артикул | C2: OZON | D2: КГТ | E2: СДЭК | F2: WB Тверь | G2: =Полотна!G2 -> ТВ СГТ | H2: остаток
A3: АЛЮМИНИЙ
A4: Alum rama 200x100 black | B4: алюминий
A5: Alum rama 200x80 black
A6: Alum rama 190x90 black
A7: Alum rama 180x80 black
A8: Alum rama 180x70 black
A9: Alum rama 180x60 black
A10: Alum rama 170x80 black
A11: Alum rama 170x70 black
A12: Alum rama 170x60 black
A13: Alum rama 170x50 black
A14: Alum rama 160x70 black
A15: Alum rama 160x60 black
A16: Alum rama 160x50 black
... A104: АЛЮМИНИЙ на ноге
A105: Alum Noga 170x70 black | B105: алюминий на ноге
A106: Alum Noga 170x50 black
A107: Alum Noga 160x60 black
A108: Alum Noga 160x50 black
A109: Alum Noga 160x40 black
A110: Alum Noga 170x70 gold
A111: Alum Noga 170x50 gold
A112: Alum Noga 160x60 gold
A113: Alum Noga 160x50 gold
A114: Alum Noga 160x40 gold
A115: Alum Noga 170x70 white
A116: Alum Noga 170x50 white
A117: Alum Noga 160x60 white
... A124: Alum Noga 160x40 silver
C125: =Полотна!C81 -> 0 | D125: =Полотна!D81 -> 0 | E125: =Полотна!E81 -> 0 | F125: =Полотна!F81 -> 0 | G125: =Полотна!G81 -> 0
C126: =Полотна!C82 -> 0(0)//0//0 | D126: =Полотна!D82 -> 0(0)//0//0 | E126: =Полотна!E82 -> 0(0)//0//0 | F126: =Полотна!F82 -> 0(0)//0//0 | G126: =Полотна!G82 -> 0(0)//0//0

Sheet Безрамные
B1: =Полотна!C1 -> 46266
A2: Артикул | C2: OZON | D2: КГТ | E2: СДЭК | F2: WB Тверь | G2: =Полотна!G2 -> ТВ СГТ | H2: остаток
A3: БЕЗРАМНЫЕ
A4: Ambient 200x100 knopka 4000
A5: Ambient 200x80 knopka 4000
A6: Ambient 180x80 knopka 4000
A7: Ambient 180x60 knopka 4000
A8: Ambient 170x70 knopka 4000
A9: Ambient 170x60 knopka 4000
A10: Ambient 160x80 knopka 4000
A11: Ambient 160x70 knopka 4000
A12: Ambient 160x60 knopka 4000
A13: Ambient 160x50 knopka 4000
A14: Ambient 160x40 knopka 4000
... A108: Ambient warm 40x80 oval multi
C109: =Полотна!C81 -> 0 | D109: =Полотна!D81 -> 0 | E109: =Полотна!E81 -> 0 | F109: =Полотна!F81 -> 0 | G109: =Полотна!G81 -> 0
C110: =Полотна!C82 -> 0(0)//0//0 | D110: =Полотна!D82 -> 0(0)//0//0 | E110: =Полотна!E82 -> 0(0)//0//0 | F110: =Полотна!F82 -> 0(0)//0//0 | G110: =Полотна!G82 -> 0(0)//0//0
